district,blood_pressure_controlled
Aquaris,6.055536968885915
Aries,6.014784946236559
Lyra,6.789111183994752
Orion,6.069651741293533
Pegasus,6.373341960530572
Virgo,5.7443915703603
